{
  "menu": [
    {
      "id": 1,
      "name": "Classic",
      "category": "burgers",
      "description": "A juicy beef patty topped with lettuce, tomato, onion, and pickles on a sesame seed bun.",
      "price": 8,
      "image": "burger-1.png",
      "totalprice": ""
    },
    {
      "id": 2,
      "name": "Cheeseburger",
      "category": "burgers",
      "description": "The classic burger with an added slice of cheddar cheese for extra flavor.",
      "price": 6,
      "image": "burger-9.png",
      "totalprice": ""
    },
    {
      "id": 3,
      "name": "Bacon ",
      "category": "burgers",
      "description": "A delicious burger topped with crispy bacon, lettuce, tomato, and mayo.",
      "price": 10,
      "image": "burger-8.png",
      "totalprice": ""
    },
    {
      "id": 4,
      "name": "Mushroom Swiss ",
      "category": "burgers",
      "description": "A savory burger topped with sautéed mushrooms and melted Swiss cheese.",
      "price": 11,
      "image": "burger-2.png",
      "totalprice": ""
    },
    {
      "id": 5,
      "name": "BBQ ",
      "category": "burgers",
      "description": "A smoky barbecue burger with tangy barbecue sauce, crispy onion rings, and pickles.",
      "price": 14,
      "image": "burger-4.png",
      "totalprice": ""
    },
    {
      "id": 6,
      "name": "Spicy Jalapeno ",
      "category": "burgers",
      "description": "A fiery burger topped with sliced jalapenos, pepper jack cheese, and chipotle mayo.",
      "price": 9,
      "image": "burger-3.png",
      "totalprice": ""
    },
    {
      "id": 7,
      "name": "Avocado Turkey ",
      "category": "burgers",
      "description": "A healthier option with a turkey patty, sliced avocado, lettuce, and tomato.",
      "price": 16,
      "image": "burger-5.png",
      "totalprice": ""
    },
    {
      "id": 8,
      "name": "Veggie Joke",
      "category": "burgers",
      "description": "A vegetarian delight with a plant-based patty, lettuce, tomato, and special sauce.(Not really a veggi burger)",
      "price": 18,
      "image": "burger-6.png",
      "totalprice": ""
    },
    {
      "id": 9,
      "name": "Double Bacon",
      "category": "burgers",
      "description": "A hearty burger with two beef patties, double bacon, and melted cheese.",
      "price": 20,
      "image": "burger-7.png",
      "totalprice": ""
    },
    {
      "id": 10,
      "name": "French Fries",
      "category": "sides",
      "description": "Crispy golden fries seasoned with salt and pepper.",
      "price": 2,
      "image": "fries-1.png",
      "totalprice": ""
    },
    {
      "id": 11,
      "name": "Sweet Potato Fries",
      "category": "sides",
      "description": "Crispy sweet potato fries seasoned with salt, pepper and chili.",
      "price": 3,
      "image": "fries-2.png",
      "totalprice": ""
    },
    {
      "id": 12,
      "name": "Chili Cheese",
      "category": "sides",
      "description": "Crispy & Creamy Chili Cheese",
      "price": 2,
      "image": "chiili-cheese.png",
      "totalprice": ""
    },
    {
      "id": 13,
      "name": "Hot Wings",
      "category": "sides",
      "description": "Crispy & Spicy Hot Wings",
      "price": 3,
      "image": "hot-wings.png",
      "totalprice": ""
    },
    {
      "id": 14,
      "name": "Coco Milkshake",
      "category": "drinks",
      "description": "A creamy milkshake made with chocolate",
      "price": 4,
      "image": "milkshake-1.png",
      "totalprice": ""
    },
    {
      "id": 15,
      "name": "Berry Milkshake",
      "category": "drinks",
      "description": "A creamy milkshake made with strawberry ice cream.",
      "price": 4,
      "image": "milkshake-2.png",
      "totalprice": ""
    },
    {
      "id": 16,
      "name": "Frida",
      "category": "drinks",
      "description": "Pale Ale Beer named after Frida",
      "price": 5,
      "image": "soda-1.png",
      "totalprice": ""
    },
    {
      "id": 17,
      "name": "Olipop",
      "category": "drinks",
      "description": "A healthy sparkling tonic",
      "price": 2,
      "image": "soda-2.png",
      "totalprice": ""
    },
    {
      "id": 18,
      "name": "Tropical Water",
      "category": "drinks",
      "description": "A healthy sparkling water from China best waterfalls",
      "price": 1,
      "image": "soda-3.png",
      "totalprice": ""
    },
    {
      "id": 19,
      "name": "Coco Water",
      "category": "drinks",
      "description": "Straight from the coconut",
      "price": 6,
      "image": "soda-4.png",
      "totalprice": ""
    }
  ]
}
